dataset,mekanisme,missing_rate,mode,konfigurasi,MAE,RMSE,CRPS,catatan
KDD Cup 2018,MCAR,10,benchmark,full,0.1212,0.4268,0.135,"db2, 400 epoch"
KDD Cup 2018,MCAR,20,benchmark,full,0.1328,0.436,0.1487,"db2, 400 epoch"
KDD Cup 2018,MCAR,30,benchmark,full,0.1497,0.4381,0.1678,"db2, 400 epoch"
KDD Cup 2018,MCAR,40,benchmark,full,0.174,0.4653,0.1962,"db2, 400 epoch"
KDD Cup 2018,MCAR,10,benchmark,no_wavelet,0.1253,0.4304,0.1387,ablation
KDD Cup 2018,MCAR,10,benchmark,no_crosslevel,0.124,0.4302,0.1382,ablation
KDD Cup 2018,MCAR,10,benchmark,no_conditioning,0.1235,0.4379,0.1378,ablation
KDD Cup 2018,MCAR,10,benchmark,guide,0.1225,0.4287,0.1377,ablation
Guangzhou Traffic,MCAR,10,benchmark,full,0.1561,0.2295,0.1501,"db2, 1000 epoch"
Guangzhou Traffic,MCAR,20,benchmark,full,0.1671,0.2445,0.1611,"db2, 1000 epoch"
Guangzhou Traffic,MCAR,30,benchmark,full,0.1872,0.2719,0.181,"db2, 1000 epoch"
Guangzhou Traffic,MCAR,40,benchmark,full,0.2259,0.3246,0.2214,"db2, 800 epoch (run 1000 epoch tidak stabil)"
Guangzhou Traffic,MAR,10,benchmark,full,0.1467,0.2137,0.1445,"db2, 800 epoch"
Guangzhou Traffic,BLOCK,10,benchmark,full,0.1808,0.2904,0.1787,"db2, 800 epoch"
PhysioNet 2012,MCAR,10,benchmark,full,0.2452,0.5651,0.2783,"db2, 50 epoch"
PhysioNet 2012,MCAR,20,benchmark,full,0.2731,0.5758,0.3059,"db2, 50 epoch"
PhysioNet 2012,MCAR,30,benchmark,full,0.3025,0.6148,0.3417,"db2, 50 epoch"
PhysioNet 2012,MCAR,40,benchmark,full,0.3254,0.6293,0.3662,"db2, 50 epoch"
PhysioNet 2012,MAR,10,benchmark,full,0.2595,0.5607,0.292,"db2, 50 epoch"
PhysioNet 2012,BLOCK,10,benchmark,full,0.2455,0.5124,0.2763,"db2, 50 epoch"
Susenas ,MCAR,10,operational,full,0.2279,0.6141,0.1597,"db2, 100 epoch, sembilan variabel"
Susenas ,MCAR,20,operational,full,0.2746,0.672,0.193,"db2, 100 epoch, sembilan variabel"
Susenas ,MCAR,30,operational,full,0.3262,0.7262,0.2301,"db2, 100 epoch, sembilan variabel"
Susenas ,MCAR,40,operational,full,0.381,0.7795,0.27,"db2, 100 epoch, sembilan variabel"
Susenas ,MAR,10,operational,full,0.2462,0.6361,0.1731,"db2, 100 epoch, sembilan variabel"
Susenas ,BLOCK,10,operational,full,0.2341,0.6235,0.1646,"db2, 100 epoch, sembilan variabel"
